{"cameraMode":{"drawMode":0,"name":"Shaded","section":"Shading Mode"},"sceneLighting":true,"audioPlay":false,"sceneViewState":{"m_AlwaysRefresh":false,"showFog":true,"showSkybox":true,"showFlares":true,"showImageEffects":true,"showParticleSystems":true,"showVisualEffectGraphs":true,"m_FxEnabled":true},"in2DMode":false,"pivot":{"x":-9.445123672485352,"y":12.461322784423829,"z":-18.426864624023439},"rotation":{"x":-0.029900958761572839,"y":0.07938048243522644,"z":0.0023820269852876665,"w":0.996394693851471},"size":22.039413452148439,"orthographic":false}